PLATFORM,DATE (yyyy-mm-ddThh:mi:ssZ),LATITUDE (degree_north),LONGITUDE (degree_east),TEMP LEVEL0 (degree_Celsius),ATMS LEVEL0 (hectopascal),DEPH LEVEL0 (meter),WSPE_MODEL LEVEL0 (meter/second),WSPN_MODEL LEVEL0 (meter/second),WSTE_MODEL LEVEL0 (newton/m2),WSTN_MODEL LEVEL0 (newton/m2),TEMP LEVEL1 (degree_Celsius),DEPH LEVEL1 (meter),CURRENT_TEST LEVEL2 (none),DEPH LEVEL2 (meter),EWCT LEVEL2 (meter/second),NSCT LEVEL2 (meter/second),QC
4601782,2021-08-14T16:03:00Z,44.2284,-57.0806,30,1018.9,0,,,,,,,,,,,01112179999999999
4601782,2021-08-14T17:00:00Z,44.2254,-57.0804,20.8,1019.3,0,,,,,,,,,,,01111179999999999
4601782,2021-08-14T18:00:00Z,44.2198,-57.0720,20.74,1019,0,,,,,,,,,,,01111179999999999
4601782,2021-08-14T19:00:00Z,44.2146,-57.0692,20.69,1019,0,,,,,,,,,,,01111179999999999
4601782,2021-08-14T20:00:00Z,44.2076,-57.0678,20.62,1018.9,0,,,,,,,,,,,01111179999999999
4601782,2021-08-14T21:00:00Z,44.1998,-57.0650,20.7,1018.8,0,,,,,,,,,,,01111179999999999
4601782,2021-08-14T22:00:00Z,44.1922,-57.0644,20.62,1018.8,0,,,,,,,,,,,01111179999999999
4601782,2021-08-14T23:00:00Z,44.1858,-57.0668,20.72,1018.9,0,,,,,,,,,,,01111179999999999
4601782,2021-08-15T00:00:00Z,44.1820,-57.0690,,,0,3.6,3,0.03,0.03,20.7,0.5,213,15,-0.034,-0.078,01119971111171111
4601782,2021-08-15T00:00:00Z,44.1826,-57.0694,20.68,1019,0,,,,,,,,,,,01111179999999999
4601782,2021-08-15T01:00:00Z,44.1810,-57.0680,,,0,3.6,3,0.03,0.03,20.71,0.5,213,15,0.042,-0.017,01119971111171111
4601782,2021-08-15T01:00:00Z,44.1806,-57.0696,20.72,1019.3,0,,,,,,,,,,,01111179999999999
4601782,2021-08-15T02:00:00Z,44.1820,-57.0630,,,0,3.5,4.6,0.02,0.02,20.72,0.5,213,15,0.158,0.08,01119971111171111
4601782,2021-08-15T02:00:00Z,44.1816,-57.0654,20.69,1018.9,0,,,,,,,,,,,01111179999999999
4601782,2021-08-15T03:00:00Z,44.1850,-57.0560,,,0,3.5,4.6,0.02,0.02,20.8,0.5,213,15,0.211,0.076,01119971111171111
4601782,2021-08-15T03:00:00Z,44.1856,-57.0562,20.76,1018.6,0,,,,,,,,,,,01111179999999999
4601782,2021-08-15T04:00:00Z,44.1860,-57.0460,,,0,3.5,4.6,0.02,0.02,20.83,0.5,213,15,0.232,0.002,01119971111171111
4601782,2021-08-15T04:00:00Z,44.1872,-57.0460,20.85,1018.2,0,,,,,,,,,,,01111179999999999
4601782,2021-08-15T05:00:00Z,44.1830,-57.0350,,,0,3.7,4.8,0.01,0.02,20.81,0.5,213,15,0.255,-0.107,01119971111171111
4601782,2021-08-15T05:00:00Z,44.1856,-57.0346,20.8,1017.8,0,,,,,,,,,,,01111179999999999
4601782,2021-08-15T06:00:00Z,44.1790,-57.0230,,,0,3.7,4.8,0.01,0.02,20.79,0.5,213,15,0.23,-0.235,01119971111171111
4601782,2021-08-15T06:00:00Z,44.1800,-57.0226,20.83,1017.5,0,,,,,,,,,,,01111179999999999
4601782,2021-08-15T07:00:00Z,44.1710,-57.0140,,,0,3.7,4.8,0.01,0.02,20.69,0.5,213,15,0.177,-0.262,01119971111171111
4601782,2021-08-15T07:00:00Z,44.1714,-57.0142,20.74,1017.3,0,,,,,,,,,,,01111179999999999
4601782,2021-08-15T08:00:00Z,44.1620,-57.0070,,,0,5.5,3.4,0.02,0.03,20.6,0.5,213,15,0.111,-0.232,01119971111171111
4601782,2021-08-15T08:00:00Z,44.1634,-57.0068,20.64,1017.3,0,,,,,,,,,,,01111179999999999
4601782,2021-08-15T09:00:00Z,44.1570,-57.0050,,,0,5.5,3.4,0.02,0.03,20.55,0.5,213,15,0.033,-0.185,01119971111171111
4601782,2021-08-15T09:00:00Z,44.1562,-57.0040,20.55,1017.7,0,,,,,,,,,,,01111179999999999
4601782,2021-08-15T10:00:00Z,44.1510,-57.0050,,,0,5.4,3.3,0.02,0.03,20.55,0.5,213,15,-0.034,-0.154,01119971111171111
4601782,2021-08-15T10:00:00Z,44.1506,-57.0042,20.56,1017.7,0,,,,,,,,,,,01111179999999999
4601782,2021-08-15T11:00:00Z,44.1460,-57.0060,,,0,4.9,2.1,0.03,0.03,20.54,0.5,213,15,-0.044,-0.139,01119971111171111
4601782,2021-08-15T11:00:00Z,44.1460,-57.0070,20.54,1017.6,0,,,,,,,,,,,01111179999999999
4601782,2021-08-15T12:00:00Z,44.1410,-57.0070,,,0,4.9,2.1,0.03,0.03,20.53,0.5,213,15,0.011,-0.139,01119971111171111
4601782,2021-08-15T12:00:00Z,44.1422,-57.0076,20.54,1017.6,0,,,,,,,,,,,01111179999999999
4601782,2021-08-15T13:00:00Z,44.1380,-57.0060,,,0,4.9,2.1,0.03,0.03,20.69,0.5,213,15,0.055,-0.124,01119971111171111
4601782,2021-08-15T13:00:00Z,44.1374,-57.0064,20.52,1017.4,0,,,,,,,,,,,01111179999999999
4601782,2021-08-15T14:00:00Z,44.1340,-57.0010,,,0,5.1,2,0.03,0.02,21.02,0.5,213,15,0.089,-0.062,01119971111171111
4601782,2021-08-15T14:00:00Z,44.1342,-57.0032,20.86,1017.3,0,,,,,,,,,,,01111179999999999
4601782,2021-08-15T15:00:00Z,44.1320,-56.9970,,,0,5.1,2,0.03,0.02,21.28,0.5,213,15,0.133,-0.015,01119971111171111
4601782,2021-08-15T15:00:00Z,44.1330,-56.9976,21.19,1017,0,,,,,,,,,,,01111179999999999
4601782,2021-08-15T16:00:00Z,44.1320,-56.9910,,,0,5.1,2,0.03,0.02,21.4,0.5,213,15,0.155,0,01119971111171111
4601782,2021-08-15T16:00:00Z,44.1326,-56.9908,21.37,1016.7,0,,,,,,,,,,,01111179999999999
4601782,2021-08-15T17:00:00Z,44.1320,-56.9840,,,0,4.4,3.5,0.03,0.01,21.52,0.5,213,15,0.165,0,01119971111171111
4601782,2021-08-15T17:00:00Z,44.1328,-56.9844,21.44,1016.2,0,,,,,,,,,,,01111179999999999
4601782,2021-08-15T18:00:00Z,44.1310,-56.9740,,,0,4.4,3.5,0.03,0.01,21.61,0.5,213,15,0.2,-0.077,01119971111171111
4601782,2021-08-15T18:00:00Z,44.1326,-56.9756,21.61,1016,0,,,,,,,,,,,01111179999999999
4601782,2021-08-15T19:00:00Z,44.1270,-56.9660,,,0,4.4,3.5,0.03,0.01,21.7,0.5,213,15,0.21,-0.154,01119971111171111
4601782,2021-08-15T19:00:00Z,44.1276,-56.9660,21.6,1015.7,0,,,,,,,,,,,01111179999999999
4601782,2021-08-15T20:00:00Z,44.1230,-56.9580,,,0,4.9,1.6,0.03,0.02,21.72,0.5,213,15,0.177,-0.139,01119971111171111
4601782,2021-08-15T20:00:00Z,44.1228,-56.9570,21.8,1015.5,0,,,,,,,,,,,01111179999999999
4601782,2021-08-15T21:00:00Z,44.1180,-56.9500,,,0,4.8,1.6,0.03,0.02,21.63,0.5,213,15,0.155,-0.139,01119971111171111
4601782,2021-08-15T21:00:00Z,44.1190,-56.9496,21.63,1015.3,0,,,,,,,,,,,01111179999999999
4601782,2021-08-15T22:00:00Z,44.1130,-56.9440,,,0,4.8,1.6,0.03,0.02,21.63,0.5,213,15,0.133,-0.17,01119971111171111
4601782,2021-08-15T22:00:00Z,44.1136,-56.9434,21.62,1015.4,0,,,,,,,,,,,01111179999999999
4601782,2021-08-15T23:00:00Z,44.1080,-56.9370,,,0,3.5,-0.2,0.02,0.01,21.56,0.5,213,15,0.133,-0.17,01119971111171111
4601782,2021-08-15T23:00:00Z,44.1080,-56.9376,21.64,1015.5,0,,,,,,,,,,,01111179999999999
4601782,2021-08-16T00:00:00Z,44.1020,-56.9310,,,0,3.5,0,0.02,0.01,21.43,0.5,213,15,0.145,-0.184,01119971111171111
4601782,2021-08-16T00:00:00Z,44.1028,-56.9306,21.48,1015.8,0,,,,,,,,,,,01111179999999999
4601782,2021-08-16T01:00:00Z,44.0970,-56.9250,,,0,3.6,0.2,0.02,0.01,21.43,0.5,213,15,0.081,-0.173,01119971111171111
4601782,2021-08-16T01:00:00Z,44.0962,-56.9248,21.38,1015.7,0,,,,,,,,,,,01111179999999999
4601782,2021-08-16T02:00:00Z,44.0940,-56.9230,,,0,4.2,-1.1,0.01,0,21.53,0.5,213,15,0.045,-0.044,01119971111171111
4601782,2021-08-16T02:00:00Z,44.0922,-56.9244,21.49,1015.5,0,,,,,,,,,,,01111179999999999
4601782,2021-08-16T03:00:00Z,44.0920,-56.9190,,,0,4.2,-1.1,0.01,0,21.5,0.5,213,15,0.114,0.047,01119971111171111
4601782,2021-08-16T03:00:00Z,44.0930,-56.9210,21.57,1015.5,0,,,,,,,,,,,01111179999999999
4601782,2021-08-16T04:00:00Z,44.0940,-56.9140,,,0,4.2,-1.1,0.01,0,21.42,0.5,213,15,0.144,0.031,01119971111171111
4601782,2021-08-16T04:00:00Z,44.0950,-56.9140,21.42,1015.2,0,,,,,,,,,,,01111179999999999
4601782,2021-08-16T05:00:00Z,44.0950,-56.9070,,,0,3.3,-1.8,0.01,0,21.42,0.5,213,15,0.167,0.016,01119971111171111
4601782,2021-08-16T05:00:00Z,44.0946,-56.9078,21.41,1015.6,0,,,,,,,,,,,01111179999999999
4601782,2021-08-16T06:00:00Z,44.0960,-56.8980,,,0,3.4,-1.8,0.01,0,21.38,0.5,213,15,0.2,0.031,01119971111171111
4601782,2021-08-16T06:00:00Z,44.0960,-56.8986,21.44,1015,0,,,,,,,,,,,01111179999999999
4601782,2021-08-16T07:00:00Z,44.0960,-56.8890,,,0,3.4,-1.8,0.02,0,21.29,0.5,213,15,0.2,0,01119971111171111
4601782,2021-08-16T07:00:00Z,44.0968,-56.8904,21.32,1015,0,,,,,,,,,,,01111179999999999
4601782,2021-08-16T08:00:00Z,44.0960,-56.8810,,,0,3.8,-3.1,0.02,-0.01,21.19,0.5,213,15,0.211,-0.046,01119971111171111
4601782,2021-08-16T08:00:00Z,44.0958,-56.8808,21.25,1015.5,0,,,,,,,,,,,01111179999999999
4601782,2021-08-16T09:00:00Z,44.0940,-56.8700,,,0,3.8,-3.1,0.02,-0.01,21.15,0.5,213,15,0.21,-0.058,01119971111171111
4601782,2021-08-16T09:00:00Z,44.0942,-56.8708,21.12,1015.9,0,,,,,,,,,,,01111179999999999
4601782,2021-08-16T10:00:00Z,44.0910,-56.8620,,,0,3.8,-3.1,0.02,-0.01,21.15,0.5,213,15,0.207,-0.096,01119971111171111
4601782,2021-08-16T10:00:00Z,44.0916,-56.8618,21.18,1016.4,0,,,,,,,,,,,01111179999999999
4601782,2021-08-16T11:00:00Z,44.0850,-56.8540,,,0,0.3,-3.7,0.02,-0.02,21.08,0.5,213,15,0.159,-0.155,01119971111171111
4601782,2021-08-16T12:00:00Z,44.0800,-56.8460,,,0,0.3,-3.7,0.02,-0.02,21.09,0.5,213,15,0.111,-0.215,01119971111171111
4601782,2021-08-16T12:00:00Z,44.0812,-56.8426,21.04,1017.2,0,,,,,,,,,,,01111179999999999
4601782,2021-08-16T13:00:00Z,44.0730,-56.8410,,,0,0.3,-3.7,0.02,-0.02,21.07,0.5,213,15,0.038,-0.24,01119971111171111
4601782,2021-08-16T13:00:00Z,44.0728,-56.8410,21.14,1017.4,0,,,,,,,,,,,01111179999999999
4601782,2021-08-16T14:00:00Z,44.0660,-56.8390,,,0,2.2,-4.1,0.01,-0.03,21.07,0.5,213,15,0.054,-0.218,01119971111171111
4601782,2021-08-16T14:00:00Z,44.0654,-56.8404,20.99,1017.7,0,,,,,,,,,,,01111179999999999
4601782,2021-08-16T15:00:00Z,44.0600,-56.8370,,,0,2.2,-4.1,0.01,-0.03,21.18,0.5,213,15,0.056,-0.125,01119971111171111
4601782,2021-08-16T15:00:00Z,44.0594,-56.8364,21.16,1017.6,0,,,,,,,,,,,01111179999999999
4601782,2021-08-16T16:00:00Z,44.0570,-56.8340,,,0,2.2,-4.1,0.01,-0.03,21.25,0.5,213,15,0.033,0.001,01119971111171111
4601782,2021-08-16T16:00:00Z,44.0570,-56.8350,21.2,1017.7,0,,,,,,,,,,,01111179999999999
4601782,2021-08-16T17:00:00Z,44.0600,-56.8320,,,0,3.3,-4.5,0.01,-0.02,21.36,0.5,213,15,0.067,0.124,01119971111171111
4601782,2021-08-16T17:00:00Z,44.0592,-56.8330,21.3,1017.8,0,,,,,,,,,,,01111179999999999
4601782,2021-08-28T09:00:00Z,44.2270,-56.8340,,,0,6.9,-8.6,0.08,-0.17,20.18,0.5,212,15,-0.616,-0.086,01119971111171111
4601782,2021-08-28T09:00:00Z,44.2240,-56.8354,20.18,1015,0,,,,,,,,,,,01111179999999999
4601782,2021-08-28T10:00:00Z,44.2270,-56.8590,,,0,7,-8.6,0.08,-0.17,20.13,0.5,212,15,-0.515,0.087,01119971111171111
4601782,2021-08-28T10:00:00Z,44.2262,-56.8616,20.17,1015.8,0,,,,,,,,,,,01111179999999999
4601782,2021-08-28T11:00:00Z,44.2330,-56.8770,,,0,6.8,-9.2,0.15,-0.22,20.04,0.5,212,15,-0.422,0.144,01119971111171111
4601782,2021-08-28T11:00:00Z,44.2262,-56.8616,20.01,1016.1,0,,,,,,,,,,,01111179999999999
4601782,2021-08-28T12:00:00Z,44.2370,-56.8960,,,0,6.8,-9.2,0.15,-0.22,19.96,0.5,212,15,-0.328,0.201,01119971111171111
4601782,2021-08-28T12:00:00Z,44.2382,-56.8982,19.99,1016.5,0,,,,,,,,,,,01111179999999999
4601782,2021-08-28T13:00:00Z,44.2430,-56.9100,,,0,6.9,-9.3,0.15,-0.22,19.9,0.5,212,15,-0.226,0.185,01119971111171111
4601782,2021-08-28T13:00:00Z,44.2454,-56.9120,19.93,1016.3,0,,,,,,,,,,,01111179999999999
4601782,2021-08-28T14:00:00Z,44.2500,-56.9170,,,0,6.7,-10.5,0.17,-0.25,19.86,0.5,212,15,-0.1,0.124,01119971111171111
4601782,2021-08-28T14:00:00Z,44.2506,-56.9206,19.87,1016.3,0,,,,,,,,,,,01111179999999999
4601782,2021-08-28T15:00:00Z,44.2510,-56.9190,,,0,6.7,-10.5,0.17,-0.25,19.83,0.5,212,15,0.035,-0.02,01119971111171111
4601782,2021-08-28T15:00:00Z,44.2534,-56.9212,19.85,1016.3,0,,,,,,,,,,,01111179999999999
4601782,2021-08-28T16:00:00Z,44.2490,-56.9170,,,0,6.7,-10.5,0.17,-0.25,19.79,0.5,212,15,0.055,-0.14,01119971111171111
4601782,2021-08-28T16:00:00Z,44.2500,-56.9176,19.81,1016.1,0,,,,,,,,,,,01111179999999999
4601782,2021-08-28T17:00:00Z,44.2430,-56.9170,,,0,6.6,-11.1,0.16,-0.27,19.76,0.5,212,15,0.023,-0.215,01119971111171111
4601782,2021-08-28T17:00:00Z,44.2438,-56.9160,19.77,1016.1,0,,,,,,,,,,,01111179999999999
4601782,2021-08-28T18:00:00Z,44.2340,-56.9170,,,0,6.6,-11,0.16,-0.27,19.73,0.5,212,15,-0.033,-0.324,01119971111171111
4601782,2021-08-28T18:00:00Z,44.2360,-56.9162,19.74,1016.3,0,,,,,,,,,,,01111179999999999
4601782,2021-08-28T19:00:00Z,44.2220,-56.9190,,,0,6.5,-11,0.16,-0.27,19.7,0.5,212,15,-0.111,-0.433,01119971111171111
4601782,2021-08-28T19:00:00Z,44.2226,-56.9190,19.72,1016.5,0,,,,,,,,,,,01111179999999999
4601782,2021-08-28T20:00:00Z,44.2080,-56.9280,,,0,4.8,-12.8,0.15,-0.29,19.65,0.5,212,15,-0.221,-0.448,01119971111171111
4601782,2021-08-28T20:00:00Z,44.2084,-56.9262,19.68,1016.7,0,,,,,,,,,,,01111179999999999
4601782,2021-08-28T21:00:00Z,44.1950,-56.9390,,,0,4.8,-12.8,0.15,-0.29,19.58,0.5,212,15,-0.31,-0.387,01119971111171111
4601782,2021-08-28T21:00:00Z,44.1944,-56.9394,19.61,1017.2,0,,,,,,,,,,,01111179999999999
4601782,2021-08-28T22:00:00Z,44.1830,-56.9550,,,0,4.7,-12.7,0.15,-0.29,19.52,0.5,212,15,-0.387,-0.278,01119971111171111
4601782,2021-08-28T22:00:00Z,44.1828,-56.9540,19.55,1017.5,0,,,,,,,,,,,01111179999999999
4601782,2021-08-28T23:00:00Z,44.1760,-56.9740,,,0,12.9,-4.3,0.11,-0.31,19.42,0.5,212,15,-0.477,-0.169,01119971111171111
4601782,2021-08-28T23:00:00Z,44.1756,-56.9736,19.49,1018.1,0,,,,,,,,,,,01111179999999999
4601782,2021-08-29T00:00:00Z,44.1730,-56.9950,,,0,1.9,-11.8,0.11,-0.31,19.3,0.5,212,15,-0.476,-0.077,01119971111171111
4601782,2021-08-29T00:00:00Z,44.1718,-56.9972,19.35,1019,0,,,,,,,,,,,01111179999999999
4601782,2021-08-29T01:00:00Z,44.1720,-57.0150,,,0,2,-11.8,0.11,-0.31,19.21,0.5,212,15,-0.41,0,01119971111171111
4601782,2021-08-29T01:00:00Z,44.1714,-57.0170,19.24,1019.4,0,,,,,,,,,,,01111179999999999
4601782,2021-08-29T02:00:00Z,44.1720,-57.0330,,,0,0.7,-11.7,0.06,-0.3,19.15,0.5,212,15,-0.356,0.011,01119971111171111
4601782,2021-08-29T02:00:00Z,44.1720,-57.0338,19.18,1019.7,0,,,,,,,,,,,01111179999999999
4601782,2021-08-29T03:00:00Z,44.1730,-57.0470,,,0,0.7,-11.7,0.06,-0.3,19.1,0.5,212,15,-0.3,0.035,01119971111171111
4601782,2021-08-29T03:00:00Z,44.1722,-57.0482,19.12,1020.1,0,,,,,,,,,,,01111179999999999
4601782,2021-08-29T04:00:00Z,44.1740,-57.0580,,,0,0.7,-11.7,0.06,-0.3,19.06,0.5,212,15,-0.271,0.042,01119971111171111
4601782,2021-08-29T04:00:00Z,44.1722,-57.0482,19.05,1020.2,0,,,,,,,,,,,01111179999999999
4601782,2021-08-29T05:00:00Z,44.1750,-57.0700,,,0,1.9,-10.2,0.02,-0.24,19.02,0.5,212,15,-0.241,0.048,01119971111171111
4601782,2021-08-29T05:00:00Z,44.1760,-57.0716,19.04,1020.1,0,,,,,,,,,,,01111179999999999
4601782,2021-08-29T06:00:00Z,44.1780,-57.0800,,,0,1.9,-10.1,0.03,-0.24,18.97,0.5,212,15,-0.198,0.068,01119971111171111
4601782,2021-08-29T06:00:00Z,44.1760,-57.0716,18.94,1020.3,0,,,,,,,,,,,01111179999999999
4601782,2021-08-29T07:00:00Z,44.1800,-57.0890,,,0,1.9,-10.1,0.03,-0.24,18.93,0.5,212,15,-0.155,0.088,01119971111171111
4601782,2021-08-29T07:00:00Z,44.1784,-57.0910,18.94,1020.2,0,,,,,,,,,,,01111179999999999
4601782,2021-08-29T08:00:00Z,44.1820,-57.0950,,,0,1.3,-9.4,0.02,-0.19,18.89,0.5,212,15,-0.038,0.154,01119971111171111
4601782,2021-08-29T08:00:00Z,44.1824,-57.0974,18.91,1020.4,0,,,,,,,,,,,01111179999999999
4601782,2021-08-29T09:00:00Z,44.1870,-57.0950,,,0,1.3,-9.4,0.02,-0.19,18.84,0.5,212,15,0.057,0.121,01119971111171111
4601782,2021-08-29T09:00:00Z,44.1886,-57.0966,18.86,1020.9,0,,,,,,,,,,,01111179999999999
4601782,2021-08-29T10:00:00Z,44.1880,-57.0910,,,0,1.3,-9.4,0.02,-0.19,18.81,0.5,212,15,0.111,-0.036,01119971111171111
4601782,2021-08-29T10:00:00Z,44.1896,-57.0916,18.82,1020.9,0,,,,,,,,,,,01111179999999999
4601782,2021-08-29T11:00:00Z,44.1860,-57.0870,,,0,2.4,-8.9,0.03,-0.16,18.8,0.5,212,15,0.111,-0.122,01119971111171111
4601782,2021-08-29T11:00:00Z,44.1866,-57.0866,18.8,1021,0,,,,,,,,,,,01111179999999999
4601782,2021-08-29T12:00:00Z,44.1800,-57.0820,,,0,2.5,-9,0.03,-0.16,18.81,0.5,212,15,0.111,-0.246,01119971111171111
4601782,2021-08-29T12:00:00Z,44.1818,-57.0818,18.81,1020.9,0,,,,,,,,,,,01111179999999999
4601782,2021-08-29T13:00:00Z,44.1690,-57.0770,,,0,2.5,-9,0.03,-0.17,18.81,0.5,212,15,0.055,-0.371,01119971111171111
4601782,2021-08-29T13:00:00Z,44.1714,-57.0768,18.8,1020.7,0,,,,,,,,,,,01111179999999999
4601782,2021-08-29T14:00:00Z,44.1570,-57.0770,,,0,3.6,-8.5,0.02,-0.13,18.84,0.5,212,15,-0.043,-0.476,01119971111171111
4601782,2021-08-29T14:00:00Z,44.1582,-57.0766,18.83,1020.9,0,,,,,,,,,,,01111179999999999
4601782,2021-08-29T15:00:00Z,44.1390,-57.0830,,,0,3.7,-8.5,0.02,-0.14,18.86,0.5,212,15,-0.181,-0.54,01119971111171111
4601782,2021-08-29T15:00:00Z,44.1400,-57.0812,18.86,1020.8,0,,,,,,,,,,,01111179999999999
4601782,2021-08-29T16:00:00Z,44.1230,-57.0940,,,0,3.7,-8.6,0.02,-0.14,18.87,0.5,212,15,-0.299,-0.525,01119971111171111
4601782,2021-08-29T16:00:00Z,44.1226,-57.0928,18.87,1020.9,0,,,,,,,,,,,01111179999999999
4601782,2021-08-29T17:00:00Z,44.1050,-57.1080,,,0,3.8,-7.3,0.05,-0.13,18.9,0.5,212,15,-0.333,-0.525,01119971111171111
4601782,2021-08-29T17:00:00Z,44.1058,-57.1082,18.88,1020.6,0,,,,,,,,,,,01111179999999999
4601782,2021-08-29T18:00:00Z,44.1010,-57.1330,,,0,3.8,-7.3,0.05,-0.13,18.93,0.5,212,15,-0.566,-0.17,01119971111171111
4601782,2021-08-29T18:00:00Z,44.0942,-57.1332,18.93,1020.3,0,,,,,,,,,,,01111179999999999
4601782,2021-08-29T19:00:00Z,44.0950,-57.1590,,,0,3.8,-7.3,0.05,-0.13,18.93,0.5,212,15,-0.466,0.154,01119971111171111
4601782,2021-08-29T19:00:00Z,44.0946,-57.1590,18.93,1019.9,0,,,,,,,,,,,01111179999999999
4601782,2021-08-29T20:00:00Z,44.1010,-57.1790,,,0,4,-6.4,0.05,-0.1,18.93,0.5,212,15,-0.415,0.211,01119971111171111
4601782,2021-08-29T20:00:00Z,44.0998,-57.1802,18.93,1019.5,0,,,,,,,,,,,01111179999999999
4601782,2021-08-29T21:00:00Z,44.1090,-57.1930,,,0,4,-6.3,0.05,-0.1,18.92,0.5,212,15,-0.243,0.294,01119971111171111
4601782,2021-08-29T21:00:00Z,44.1092,-57.1960,18.93,1019.3,0,,,,,,,,,,,01111179999999999
4601782,2021-08-29T22:00:00Z,44.1180,-57.2000,,,0,4,-6.3,0.05,-0.1,18.9,0.5,212,15,-0.065,0.277,01119971111171111
4601782,2021-08-29T22:00:00Z,44.1194,-57.2022,18.91,1018.8,0,,,,,,,,,,,01111179999999999
4601782,2021-08-29T23:00:00Z,44.1250,-57.2000,,,0,4.3,-5,0.04,-0.08,18.88,0.5,212,15,0.064,0.172,01119971111171111
4601782,2021-08-29T23:00:00Z,44.1270,-57.2016,18.89,1019.1,0,,,,,,,,,,,01111179999999999
4601782,2021-08-30T00:00:00Z,44.1270,-57.1950,,,0,4.3,-5,0.04,-0.08,18.84,0.5,212,15,0.167,-0.003,01119971111171111
4601782,2021-08-30T00:00:00Z,44.1296,-57.1958,18.87,1018.9,0,,,,,,,,,,,01111179999999999
4601782,2021-08-30T01:00:00Z,44.1250,-57.1870,,,0,4.3,-5,0.04,-0.08,18.82,0.5,212,15,0.188,-0.173,01119971111171111
4601782,2021-08-30T01:00:00Z,44.1268,-57.1872,18.8,1019,0,,,,,,,,,,,01111179999999999
4601782,2021-08-30T02:00:00Z,44.1180,-57.1800,,,0,5.1,-6.1,0.05,-0.06,18.85,0.5,212,15,0.156,-0.308,01119971111171111
4601782,2021-08-30T02:00:00Z,44.1188,-57.1786,18.85,1018.7,0,,,,,,,,,,,01111179999999999
4601782,2021-08-30T03:00:00Z,44.1050,-57.1740,,,0,5.1,-6.1,0.05,-0.06,18.83,0.5,212,15,0.067,-0.432,01119971111171111
4601782,2021-08-30T03:00:00Z,44.1072,-57.1728,18.86,1018.4,0,,,,,,,,,,,01111179999999999
4601782,2021-08-30T04:00:00Z,44.0910,-57.1740,,,0,5.1,-6.1,0.05,-0.06,18.79,0.5,212,15,-0.069,-0.478,01119971111171111
4601782,2021-08-30T04:00:00Z,44.0910,-57.1728,18.79,1018,0,,,,,,,,,,,01111179999999999
4601782,2021-08-30T05:00:00Z,44.0770,-57.1800,,,0,5.2,-6.1,0.05,-0.07,18.81,0.5,212,15,-0.174,-0.435,01119971111171111
4601782,2021-08-30T05:00:00Z,44.0756,-57.1790,18.8,1017.6,0,,,,,,,,,,,01111179999999999
4601782,2021-08-30T06:00:00Z,44.0640,-57.1890,,,0,5.1,-6.1,0.05,-0.07,18.82,0.5,212,15,-0.255,-0.294,01119971111171111
4601782,2021-08-30T06:00:00Z,44.0634,-57.1888,18.83,1017.4,0,,,,,,,,,,,01111179999999999
4601782,2021-08-30T07:00:00Z,44.0570,-57.2020,,,0,5.1,-6.1,0.05,-0.07,18.8,0.5,212,15,-0.277,-0.118,01119971111171111
4601782,2021-08-30T07:00:00Z,44.0566,-57.2024,18.8,1017.2,0,,,,,,,,,,,01111179999999999
4601782,2021-08-30T08:00:00Z,44.0560,-57.2130,,,0,3.8,-6.4,0.05,-0.08,18.8,0.5,212,15,-0.21,-0.03,01119971111171111
4601782,2021-08-30T08:00:00Z,44.0554,-57.2142,18.8,1017.2,0,,,,,,,,,,,01111179999999999
4601782,2021-08-30T09:00:00Z,44.0550,-57.2200,,,0,3.8,-6.4,0.05,-0.08,18.8,0.5,212,15,-0.133,-0.016,01119971111171111
4601782,2021-08-30T09:00:00Z,44.0554,-57.2214,18.8,1017.4,0,,,,,,,,,,,01111179999999999
4601782,2021-08-30T10:00:00Z,44.0530,-57.2240,,,0,3.7,-6.4,0.05,-0.08,18.78,0.5,212,15,-0.089,-0.062,01119971111171111
4601782,2021-08-30T10:00:00Z,44.0544,-57.2260,18.79,1017.4,0,,,,,,,,,,,01111179999999999
4601782,2021-08-30T11:00:00Z,44.0500,-57.2290,,,0,2.5,-4.3,0.04,-0.07,18.77,0.5,212,15,-0.056,-0.108,01119971111171111
4601782,2021-08-30T11:00:00Z,44.0514,-57.2292,18.77,1017.4,0,,,,,,,,,,,01111179999999999
4601782,2021-08-30T12:00:00Z,44.0460,-57.2300,,,0,2.5,-4.3,0.04,-0.07,18.82,0.5,212,15,-0.023,-0.198,01119971111171111
4601782,2021-08-30T12:00:00Z,44.0474,-57.2310,18.77,1017.4,0,,,,,,,,,,,01111179999999999
4601782,2021-08-30T13:00:00Z,44.0360,-57.2330,,,0,2.5,-4.3,0.04,-0.07,18.9,0.5,212,15,-0.078,-0.309,01119971111171111
4601782,2021-08-30T13:00:00Z,44.0382,-57.2314,18.87,1017.5,0,,,,,,,,,,,01111179999999999
4601782,2021-08-30T14:00:00Z,44.0280,-57.2380,,,0,3.6,-1.5,0.02,-0.04,18.99,0.5,212,15,-0.21,-0.289,01119971111171111
4601782,2021-08-30T14:00:00Z,44.0270,-57.2376,18.94,1017.4,0,,,,,,,,,,,01111179999999999
4601782,2021-08-30T15:00:00Z,44.0220,-57.2500,,,0,3.5,-1.5,0.02,-0.04,19.12,0.5,212,15,-0.255,-0.077,01119971111171111
4601782,2021-08-30T15:00:00Z,44.0202,-57.2510,19.05,1017.1,0,,,,,,,,,,,01111179999999999
4601782,2021-08-30T16:00:00Z,44.0220,-57.2590,,,0,3.5,-1.5,0.02,-0.04,19.27,0.5,212,15,-0.155,0.136,01119971111171111
4601782,2021-08-30T16:00:00Z,44.0220,-57.2614,19.2,1016.6,0,,,,,,,,,,,01111179999999999
4601782,2021-08-30T17:00:00Z,44.0280,-57.2640,,,0,3,1.4,0.02,-0.01,19.42,0.5,212,15,-0.055,0.185,01119971111171111
4601782,2021-08-30T17:00:00Z,44.0276,-57.2662,19.35,1016,0,,,,,,,,,,,01111179999999999
4601782,2021-08-30T18:00:00Z,44.0340,-57.2640,,,0,3,1.4,0.02,-0.01,19.53,0.5,212,15,0.055,0.185,01119971111171111
4601782,2021-08-30T18:00:00Z,44.0340,-57.2662,19.49,1015.7,0,,,,,,,,,,,01111179999999999
4601782,2021-08-30T19:00:00Z,44.0390,-57.2590,,,0,3,1.4,0.02,-0.01,19.55,0.5,212,15,0.156,0.139,01119971111171111
4601782,2021-08-30T19:00:00Z,44.0400,-57.2610,19.57,1015,0,,,,,,,,,,,01111179999999999
4601782,2021-08-30T20:00:00Z,44.0420,-57.2500,,,0,4.2,2,0.02,0,19.45,0.5,212,15,0.222,0.047,01119971111171111
4601782,2021-08-30T20:00:00Z,44.0434,-57.2520,19.52,1014.5,0,,,,,,,,,,,01111179999999999
4601782,2021-08-30T21:00:00Z,44.0420,-57.2410,,,0,4.2,2,0.02,0,19.35,0.5,212,15,0.255,-0.075,01119971111171111
4601782,2021-08-30T21:00:00Z,44.0430,-57.2406,19.37,1014.5,0,,,,,,,,,,,01111179999999999
4601782,2021-08-30T22:00:00Z,44.0360,-57.2300,,,0,4.2,1.9,0.02,0,19.29,0.5,212,15,0.244,-0.232,01119971111171111
4601782,2021-08-30T22:00:00Z,44.0376,-57.2290,19.32,1014.1,0,,,,,,,,,,,01111179999999999
4601782,2021-08-30T23:00:00Z,44.0270,-57.2200,,,0,3.6,3.8,0.02,0.02,19.24,0.5,212,15,0.165,-0.357,01119971111171111
4601782,2021-08-30T23:00:00Z,44.0276,-57.2190,19.25,1014.4,0,,,,,,,,,,,01111179999999999
4601782,2021-08-31T00:00:00Z,44.0140,-57.2150,,,0,3.7,3.9,0.02,0.02,19.26,0.5,212,15,0.09,-0.416,01119971111171111
4601782,2021-08-31T00:00:00Z,44.0150,-57.2136,19.23,1014.3,0,,,,,,,,,,,01111179999999999
4601782,2021-08-31T01:00:00Z,44.0000,-57.2130,,,0,3.8,4,0.02,0.02,19.29,0.5,212,15,-0.012,-0.473,01119971111171111
4601782,2021-08-31T01:00:00Z,44.0006,-57.2108,19.29,1013.8,0,,,,,,,,,,,01111179999999999
4601782,2021-08-31T02:00:00Z,43.9860,-57.2190,,,0,5,4.9,0.03,0.03,19.3,0.5,212,15,-0.212,-0.447,01119971111171111
4601782,2021-08-31T02:00:00Z,43.9840,-57.2164,19.3,1013.6,0,,,,,,,,,,,01111179999999999
4601782,2021-08-31T03:00:00Z,43.9730,-57.2300,,,0,5.1,4.9,0.03,0.03,19.28,0.5,212,15,-0.323,-0.271,01119971111171111
4601782,2021-08-31T03:00:00Z,43.9722,-57.2302,19.3,1013,0,,,,,,,,,,,01111179999999999
4601782,2021-08-31T04:00:00Z,43.9670,-57.2440,,,0,5.1,4.9,0.03,0.03,19.23,0.5,212,15,-0.333,-0.09,01119971111171111
4601782,2021-08-31T04:00:00Z,43.9662,-57.2450,19.26,1012.1,0,,,,,,,,,,,01111179999999999
4601782,2021-08-31T05:00:00Z,43.9660,-57.2580,,,0,3.6,7.6,0.03,0.06,19.19,0.5,212,15,-0.299,0.048,01119971111171111
4601782,2021-08-31T05:00:00Z,43.9656,-57.2596,19.2,1011.1,0,,,,,,,,,,,01111179999999999
4601782,2021-08-31T06:00:00Z,43.9700,-57.2710,,,0,3.6,7.7,0.03,0.06,19.16,0.5,212,15,-0.222,0.139,01119971111171111
4601782,2021-08-31T06:00:00Z,43.9688,-57.2716,19.17,1010.1,0,,,,,,,,,,,01111179999999999
4601782,2021-08-31T07:00:00Z,43.9760,-57.2780,,,0,3.6,7.7,0.03,0.06,19.13,0.5,212,15,-0.134,0.216,01119971111171111
4601782,2021-08-31T07:00:00Z,43.9748,-57.2804,19.14,1009.3,0,,,,,,,,,,,01111179999999999
4601782,2021-08-31T08:00:00Z,43.9830,-57.2820,,,0,7.7,6.7,0.06,0.1,19.12,0.5,212,15,-0.019,0.261,01119971111171111
4601782,2021-08-31T08:00:00Z,43.9828,-57.2842,19.12,1008.6,0,,,,,,,,,,,01111179999999999
4601782,2021-08-31T09:00:00Z,43.9910,-57.2780,,,0,7.7,6.7,0.06,0.1,19.11,0.5,212,15,0.168,0.215,01119971111171111
4601782,2021-08-31T09:00:00Z,43.9924,-57.2808,19.11,1008.4,0,,,,,,,,,,,01111179999999999
4601782,2021-08-31T10:00:00Z,43.9950,-57.2690,,,0,7.7,6.7,0.06,0.1,19.09,0.5,212,15,0.286,0.101,01119971111171111
4601782,2021-08-31T10:00:00Z,43.9974,-57.2694,19.1,1008,0,,,,,,,,,,,01111179999999999
4601782,2021-08-31T11:00:00Z,43.9940,-57.2540,,,0,8.5,5.6,0.1,0.11,19.05,0.5,212,15,0.333,-0.109,01119971111171111
4601782,2021-08-31T11:00:00Z,43.9976,-57.2546,19.07,1007.7,0,,,,,,,,,,,01111179999999999
4601782,2021-08-31T12:00:00Z,43.9900,-57.2400,,,0,8.5,5.6,0.1,0.1,19.01,0.5,212,15,0.315,-0.228,01119971111171111
4601782,2021-08-31T12:00:00Z,43.9902,-57.2394,19.02,1007.7,0,,,,,,,,,,,01111179999999999
4601782,2021-08-31T13:00:00Z,43.9810,-57.2260,,,0,8.5,5.5,0.1,0.1,19,0.5,212,15,0.289,-0.292,01119971111171111
4601782,2021-08-31T13:00:00Z,43.9826,-57.2260,19,1007.4,0,,,,,,,,,,,01111179999999999
4601782,2021-08-31T14:00:00Z,43.9700,-57.2140,,,0,9.8,5.8,0.14,0.09,18.99,0.5,212,15,0.232,-0.402,01119971111171111
4601782,2021-08-31T14:00:00Z,43.9710,-57.2132,18.99,1007,0,,,,,,,,,,,01111179999999999
4601782,2021-08-31T15:00:00Z,43.9570,-57.2060,,,0,9.7,5.7,0.14,0.09,18.99,0.5,212,15,0.144,-0.417,01119971111171111
4601782,2021-08-31T15:00:00Z,43.9570,-57.2050,18.99,1006.6,0,,,,,,,,,,,01111179999999999
4601782,2021-08-31T16:00:00Z,43.9450,-57.2010,,,0,9.7,5.7,0.14,0.1,19.01,0.5,212,15,0.079,-0.372,01119971111171111
4601782,2021-08-31T16:00:00Z,43.9444,-57.2004,19,1006.3,0,,,,,,,,,,,01111179999999999
4601782,2021-08-31T17:00:00Z,43.9330,-57.1990,,,0,9.5,4.7,0.18,0.11,19.03,0.5,212,15,0,-0.277,01119971111171111
4601782,2021-08-31T17:00:00Z,43.9334,-57.1978,19.02,1006.2,0,,,,,,,,,,,01111179999999999
4601782,2021-08-31T18:00:00Z,43.9250,-57.2000,,,0,9.5,4.7,0.18,0.11,19.05,0.5,212,15,-0.056,-0.216,01119971111171111
4601782,2021-08-31T18:00:00Z,43.9260,-57.1996,19.05,1006.3,0,,,,,,,,,,,01111179999999999
4601782,2021-08-31T19:00:00Z,43.9170,-57.2030,,,0,9.5,4.7,0.18,0.11,19.06,0.5,212,15,-0.111,-0.247,01119971111171111
4601782,2021-08-31T19:00:00Z,43.9190,-57.2032,19.06,1006.5,0,,,,,,,,,,,01111179999999999
4601782,2021-08-31T20:00:00Z,43.9100,-57.2090,,,0,9.4,5,0.19,0.1,19.07,0.5,212,15,-0.156,-0.236,01119971111171111
4601782,2021-08-31T20:00:00Z,43.9100,-57.2096,19.07,1006.5,0,,,,,,,,,,,01111179999999999
4601782,2021-08-31T21:00:00Z,43.9050,-57.2160,,,0,9.3,5,0.19,0.1,19.08,0.5,212,15,-0.123,-0.078,01119971111171111
4601782,2021-08-31T21:00:00Z,43.9044,-57.2174,19.08,1006.5,0,,,,,,,,,,,01111179999999999
4601782,2021-08-31T22:00:00Z,43.9050,-57.2200,,,0,9.3,5,0.19,0.1,19.09,0.5,212,15,-0.04,0.082,01119971111171111
4601782,2021-08-31T22:00:00Z,43.9048,-57.2208,19.07,1006.3,0,,,,,,,,,,,01111179999999999
4601782,2021-08-31T23:00:00Z,43.9090,-57.2200,,,0,6.8,4.2,0.15,0.08,19.12,0.5,212,15,0.023,0.139,01119971111171111
4601782,2021-08-31T23:00:00Z,43.9088,-57.2212,19.12,1006.8,0,,,,,,,,,,,01111179999999999
4601782,2021-09-01T00:00:00Z,43.9120,-57.2170,,,0,6.8,4.2,0.15,0.08,19.12,0.5,212,15,0.058,0.125,01119971111171111
4601782,2021-09-01T00:00:00Z,43.9138,-57.2192,19.12,1006.9,0,,,,,,,,,,,01111179999999999
4601782,2021-09-01T01:00:00Z,43.9160,-57.2130,,,0,6.8,4.2,0.15,0.08,19.13,0.5,212,15,0.137,0.076,01119971111171111
4601782,2021-09-01T01:00:00Z,43.9174,-57.2152,19.13,1006.9,0,,,,,,,,,,,01111179999999999
4601782,2021-09-01T02:00:00Z,43.9170,-57.2030,,,0,6.5,3.7,0.09,0.06,19.14,0.5,212,15,0.197,0.049,01119971111171111
4601782,2021-09-01T02:00:00Z,43.9174,-57.2152,19.14,1006.6,0,,,,,,,,,,,01111179999999999
4601782,2021-09-01T03:00:00Z,43.9180,-57.1940,,,0,6.4,3.7,0.09,0.06,19.14,0.5,212,15,0.257,0.022,01119971111171111
4601782,2021-09-01T03:00:00Z,43.9192,-57.1954,19.14,1006.4,0,,,,,,,,,,,01111179999999999
4601782,2021-09-01T04:00:00Z,43.9180,-57.1810,,,0,6.4,3.7,0.09,0.06,19.14,0.5,212,15,0.288,-0.01,01119971111171111
4601782,2021-09-01T04:00:00Z,43.9204,-57.1830,19.13,1006.1,0,,,,,,,,,,,01111179999999999
4601782,2021-09-01T05:00:00Z,43.9170,-57.1690,,,0,4.5,1.4,0.06,0.03,19.16,0.5,212,15,0.29,-0.061,01119971111171111
4601782,2021-09-01T05:00:00Z,43.9192,-57.1688,19.16,1005.8,0,,,,,,,,,,,01111179999999999
4601782,2021-09-01T06:00:00Z,43.9150,-57.1580,,,0,4.4,1.3,0.05,0.03,19.14,0.5,212,15,0.245,-0.167,01119971111171111
4601782,2021-09-01T06:00:00Z,43.9158,-57.1566,19.16,1005.9,0,,,,,,,,,,,01111179999999999
4601782,2021-09-01T07:00:00Z,43.9070,-57.1480,,,0,4.4,1.2,0.05,0.03,19.14,0.5,212,15,0.154,-0.295,01119971111171111
4601782,2021-09-01T07:00:00Z,43.9080,-57.1474,19.12,1005.5,0,,,,,,,,,,,01111179999999999
4601782,2021-09-01T08:00:00Z,43.8960,-57.1440,,,0,6.2,0.1,0.04,0.02,19.17,0.5,212,15,0.048,-0.354,01119971111171111
4601782,2021-09-01T08:00:00Z,43.8966,-57.1426,19.17,1005.5,0,,,,,,,,,,,01111179999999999
4601782,2021-09-01T09:00:00Z,43.8870,-57.1440,,,0,6.1,0.1,0.04,0.02,19.17,0.5,212,15,-0.045,-0.262,01119971111171111
4601782,2021-09-01T09:00:00Z,43.8850,-57.1434,19.17,1005.1,0,,,,,,,,,,,01111179999999999
4601782,2021-09-01T10:00:00Z,43.8800,-57.1460,,,0,6,0.1,0.04,0.01,19.17,0.5,212,15,-0.101,-0.138,01119971111171111
4601782,2021-09-01T10:00:00Z,43.8796,-57.1474,19.17,1004.9,0,,,,,,,,,,,01111179999999999
4601782,2021-09-01T11:00:00Z,43.8770,-57.1520,,,0,3.1,-1.1,0.02,0,19.18,0.5,212,15,-0.1,-0.047,01119971111171111
4601782,2021-09-01T11:00:00Z,43.8760,-57.1516,19.18,1005.1,0,,,,,,,,,,,01111179999999999
4601782,2021-09-01T12:00:00Z,43.8760,-57.1540,,,0,3.2,-1.1,0.02,0,19.21,0.5,212,15,-0.055,0.015,01119971111171111
4601782,2021-09-01T12:00:00Z,43.8770,-57.1556,19.19,1004.8,0,,,,,,,,,,,01111179999999999
4601782,2021-09-01T13:00:00Z,43.8770,-57.1570,,,0,3.1,-1.1,0.02,0.01,19.28,0.5,212,15,-0.022,0.045,01119971111171111
4601782,2021-09-01T13:00:00Z,43.8774,-57.1574,19.24,1005.4,0,,,,,,,,,,,01111179999999999
4601782,2021-09-01T14:00:00Z,43.8790,-57.1570,,,0,4.9,-3,0.01,-0.01,19.33,0.5,212,15,0.011,0.031,01119971111171111
4601782,2021-09-01T14:00:00Z,43.8798,-57.1584,19.33,1005.4,0,,,,,,,,,,,01111179999999999
4601782,2021-09-01T15:00:00Z,43.8800,-57.1550,,,0,4.9,-3,0.01,-0.01,19.34,0.5,212,15,0.056,0.016,01119971111171111
4601782,2021-09-01T15:00:00Z,43.8794,-57.1556,19.32,1005.9,0,,,,,,,,,,,01111179999999999
4601782,2021-09-01T16:00:00Z,43.8800,-57.1530,,,0,4.8,-3,0.01,-0.01,19.34,0.5,212,15,0.078,0.015,01119971111171111
4601782,2021-09-01T16:00:00Z,43.8808,-57.1532,19.36,1006.4,0,,,,,,,,,,,01111179999999999
4601782,2021-09-01T17:00:00Z,43.8790,-57.1500,,,0,6.6,-0.7,0.03,-0.01,19.31,0.5,212,15,0.067,-0.061,01119971111171111
4601782,2021-09-01T17:00:00Z,43.8796,-57.1488,19.31,1006.9,0,,,,,,,,,,,01111179999999999
4601782,2021-09-01T18:00:00Z,43.8770,-57.1460,,,0,6.6,-0.7,0.03,-0.01,19.3,0.5,212,15,0.067,-0.031,01119971111171111
4601782,2021-09-01T18:00:00Z,43.8774,-57.1466,19.3,1007.1,0,,,,,,,,,,,01111179999999999
4601782,2021-09-01T19:00:00Z,43.8760,-57.1410,,,0,6.6,-0.7,0.03,-0.01,19.3,0.5,212,15,0.112,-0.017,01119971111171111
4601782,2021-09-01T19:00:00Z,43.8776,-57.1428,19.3,1007.9,0,,,,,,,,,,,01111179999999999
4601782,2021-09-01T20:00:00Z,43.8750,-57.1370,,,0,5.8,1.3,0.05,-0.01,19.3,0.5,212,15,0.122,-0.077,01119971111171111
4601782,2021-09-01T20:00:00Z,43.8762,-57.1370,19.3,1008.5,0,,,,,,,,,,,01111179999999999
4601782,2021-09-01T21:00:00Z,43.8730,-57.1320,,,0,5.8,1.3,0.05,-0.01,19.3,0.5,212,15,0.1,-0.093,01119971111171111
4601782,2021-09-01T21:00:00Z,43.8732,-57.1318,19.3,1008.9,0,,,,,,,,,,,01111179999999999
4601782,2021-09-01T22:00:00Z,43.8690,-57.1270,,,0,5.8,1.2,0.05,-0.01,19.28,0.5,212,15,0.078,-0.077,01119971111171111
4601782,2021-09-01T22:00:00Z,43.8698,-57.1284,19.29,1009.8,0,,,,,,,,,,,01111179999999999
4601782,2021-09-01T23:00:00Z,43.8680,-57.1240,,,0,5.5,2.4,0.04,0.01,19.26,0.5,212,15,0.111,-0.046,01119971111171111
4601782,2021-09-01T23:00:00Z,43.8676,-57.1250,19.26,1010.3,0,,,,,,,,,,,01111179999999999
4601782,2021-09-02T00:00:00Z,43.8670,-57.1180,,,0,5.5,2.4,0.04,0.01,19.25,0.5,212,15,0.156,-0.031,01119971111171111
4601782,2021-09-02T00:00:00Z,43.8674,-57.1184,19.25,1010.8,0,,,,,,,,,,,01111179999999999
4601782,2021-09-02T01:00:00Z,43.8660,-57.1110,,,0,5.5,2.4,0.04,0.01,19.25,0.5,212,15,0.156,-0.046,01119971111171111
4601782,2021-09-02T01:00:00Z,43.8656,-57.1114,19.25,1011,0,,,,,,,,,,,01111179999999999
4601782,2021-09-02T02:00:00Z,43.8630,-57.1040,,,0,6.1,1.3,0.04,0.01,19.24,0.5,212,15,0.167,-0.062,01119971111171111
4601782,2021-09-02T02:00:00Z,43.8644,-57.1042,19.24,1010.9,0,,,,,,,,,,,01111179999999999
4601782,2021-09-02T03:00:00Z,43.8620,-57.0970,,,0,6.1,1.3,0.04,0.01,19.24,0.5,212,15,0.134,-0.077,01119971111171111
4601782,2021-09-02T03:00:00Z,43.8624,-57.0964,19.24,1011.2,0,,,,,,,,,,,01111179999999999
4601782,2021-09-02T04:00:00Z,43.8590,-57.0910,,,0,6.1,1.3,0.04,0.01,19.25,0.5,212,15,0.089,-0.108,01119971111171111
4601782,2021-09-02T04:00:00Z,43.8590,-57.0920,19.25,1011.9,0,,,,,,,,,,,01111179999999999
4601782,2021-09-02T05:00:00Z,43.8550,-57.0880,,,0,6.6,0.6,0.04,0.01,19.24,0.5,212,15,0.1,-0.139,01119971111171111
4601782,2021-09-02T05:00:00Z,43.8548,-57.0878,19.24,1012,0,,,,,,,,,,,01111179999999999
4601782,2021-09-02T06:00:00Z,43.8490,-57.0840,,,0,6.6,0.6,0.04,0.01,19.24,0.5,212,15,0.09,-0.17,01119971111171111
4601782,2021-09-02T06:00:00Z,43.8500,-57.0832,19.25,1012.3,0,,,,,,,,,,,01111179999999999
4601782,2021-09-02T07:00:00Z,43.8450,-57.0810,,,0,6.7,0.6,0.04,0.01,19.23,0.5,212,15,0.022,-0.139,01119971111171111
4601782,2021-09-02T07:00:00Z,43.8444,-57.0798,19.23,1012.5,0,,,,,,,,,,,01111179999999999
4601782,2021-09-02T08:00:00Z,43.8410,-57.0810,,,0,5.8,0.7,0.05,0.01,19.24,0.5,212,15,-0.022,-0.093,01119971111171111
4601782,2021-09-02T08:00:00Z,43.8412,-57.0808,19.24,1012.9,0,,,,,,,,,,,01111179999999999
4601782,2021-09-02T09:00:00Z,43.8400,-57.0810,,,0,5.8,0.7,0.05,0.01,19.24,0.5,212,15,0,0,01119971111171111
4601782,2021-09-02T09:00:00Z,43.8384,-57.0820,19.24,1013.4,0,,,,,,,,,,,01111179999999999
4601782,2021-09-02T10:00:00Z,43.8410,-57.0800,,,0,5.8,0.7,0.05,0.01,19.24,0.5,212,15,0.046,0.076,01119971111171111
4601782,2021-09-02T10:00:00Z,43.8406,-57.0814,19.24,1014.1,0,,,,,,,,,,,01111179999999999
4601782,2021-09-02T11:00:00Z,43.8420,-57.0770,,,0,3.8,1.1,0.04,0.01,19.27,0.5,212,15,0.078,0.062,01119971111171111
4601782,2021-09-02T11:00:00Z,43.8434,-57.0776,19.25,1014.6,0,,,,,,,,,,,01111179999999999
4601782,2021-09-02T12:00:00Z,43.8450,-57.0730,,,0,3.8,1.1,0.04,0.01,19.34,0.5,212,15,0.111,0.062,01119971111171111
4601782,2021-09-02T12:00:00Z,43.8454,-57.0736,19.29,1014.9,0,,,,,,,,,,,01111179999999999
4601782,2021-09-02T13:00:00Z,43.8460,-57.0670,,,0,3.8,1.1,0.04,0.01,19.53,0.5,212,15,0.156,0.016,01119971111171111
4601782,2021-09-02T13:00:00Z,43.8470,-57.0678,19.39,1015.3,0,,,,,,,,,,,01111179999999999
4601782,2021-09-02T14:00:00Z,43.8470,-57.0600,,,0,2.1,1.7,0.03,0.01,19.84,0.5,212,15,0.167,0,01119971111171111
4601782,2021-09-02T14:00:00Z,43.8464,-57.0602,19.68,1015.8,0,,,,,,,,,,,01111179999999999
4601782,2021-09-02T15:00:00Z,43.8460,-57.0530,,,0,2.1,1.7,0.03,0.01,20.18,0.5,212,15,0.167,0,01119971111171111
4601782,2021-09-02T15:00:00Z,43.8466,-57.0528,20.01,1015.5,0,,,,,,,,,,,01111179999999999
4601782,2021-09-02T16:00:00Z,43.8460,-57.0440,,,0,2.1,1.7,0.03,0.01,20.54,0.5,212,15,0.167,-0.031,01119971111171111
4601782,2021-09-02T16:00:00Z,43.8460,-57.0452,20.36,1015.8,0,,,,,,,,,,,01111179999999999
4601782,2021-09-02T17:00:00Z,43.8450,-57.0370,,,0,0.9,4.4,0.01,0.01,20.7,0.5,212,15,0.156,-0.031,01119971111171111
4601782,2021-09-02T17:00:00Z,43.8450,-57.0376,20.73,1015.8,0,,,,,,,,,,,01111179999999999
4601782,2021-09-02T18:00:00Z,43.8420,-57.0320,,,0,0.9,4.4,0.01,0.01,20.67,0.5,212,15,0.123,-0.077,01119971111171111
4601782,2021-09-02T18:00:00Z,43.8436,-57.0310,20.66,1015.4,0,,,,,,,,,,,01111179999999999
4601782,2021-09-02T19:00:00Z,43.8390,-57.0280,,,0,0.9,4.4,0.01,0.01,20.68,0.5,212,15,0.055,-0.155,01119971111171111
4601782,2021-09-02T19:00:00Z,43.8396,-57.0274,20.68,1015.3,0,,,,,,,,,,,01111179999999999
4601782,2021-09-02T20:00:00Z,43.8340,-57.0270,,,0,-2.1,6.5,0,0.02,20.62,0.5,212,15,0,-0.154,01119971111171111
4601782,2021-09-02T20:00:00Z,43.8342,-57.0262,20.68,1015.3,0,,,,,,,,,,,01111179999999999
4601782,2021-09-02T21:00:00Z,43.8310,-57.0270,,,0,-2.1,6.5,0,0.02,20.49,0.5,212,15,-0.011,-0.077,01119971111171111
4601782,2021-09-02T21:00:00Z,43.8304,-57.0266,20.55,1015,0,,,,,,,,,,,01111179999999999
4601782,2021-09-02T22:00:00Z,43.8300,-57.0270,,,0,-2.1,6.5,0,0.02,20.33,0.5,212,15,0.011,0.016,01119971111171111
4601782,2021-09-02T22:00:00Z,43.8290,-57.0266,20.42,1014.2,0,,,,,,,,,,,01111179999999999
4601782,2021-09-02T23:00:00Z,43.8310,-57.0270,,,0,-2.7,9.9,-0.02,0.07,20.14,0.5,212,15,0,0.046,01119971111171111
4601782,2021-09-02T23:00:00Z,43.8306,-57.0262,20.23,1014,0,,,,,,,,,,,01111179999999999
4601782,2021-09-03T00:00:00Z,43.8330,-57.0260,,,0,-2.7,9.9,-0.02,0.07,19.95,0.5,212,15,0,0.062,01119971111171111
4601782,2021-09-03T00:00:00Z,43.8324,-57.0274,20.05,1014.3,0,,,,,,,,,,,01111179999999999
4601782,2021-09-03T01:00:00Z,43.8340,-57.0250,,,0,-2.7,9.9,-0.02,0.07,19.77,0.5,212,15,0.045,0.077,01119971111171111
4601782,2021-09-03T01:00:00Z,43.8348,-57.0264,19.85,1013.8,0,,,,,,,,,,,01111179999999999
4601782,2021-09-03T02:00:00Z,43.8370,-57.0220,,,0,-1.1,11.9,-0.03,0.16,19.69,0.5,212,15,0.078,0.062,01119971111171111
4601782,2021-09-03T02:00:00Z,43.8370,-57.0234,19.69,1013.3,0,,,,,,,,,,,01111179999999999
4601782,2021-09-03T03:00:00Z,43.8390,-57.0180,,,0,-1.1,11.9,-0.03,0.16,19.68,0.5,212,15,0.111,0.077,01119971111171111
4601782,2021-09-03T03:00:00Z,43.8394,-57.0194,19.7,1012.7,0,,,,,,,,,,,01111179999999999
4601782,2021-09-03T04:00:00Z,43.8410,-57.0120,,,0,-1.1,11.9,-0.03,0.16,19.59,0.5,212,15,0.155,0.108,01119971111171111
4601782,2021-09-03T04:00:00Z,43.8422,-57.0126,19.66,1012,0,,,,,,,,,,,01111179999999999
4601782,2021-09-03T05:00:00Z,43.8450,-57.0040,,,0,2,11.9,-0.02,0.26,19.5,0.5,212,15,0.21,0.094,01119971111171111
4601782,2021-09-03T05:00:00Z,43.8456,-57.0050,19.51,1011.4,0,,,,,,,,,,,01111179999999999
4601782,2021-09-03T06:00:00Z,43.8470,-56.9930,,,0,2,11.9,-0.02,0.26,19.49,0.5,212,15,0.246,0.014,01119971111171111
4601782,2021-09-03T06:00:00Z,43.8478,-56.9932,19.49,1011.1,0,,,,,,,,,,,01111179999999999
4601782,2021-09-03T07:00:00Z,43.8450,-56.9810,,,0,2,11.8,-0.02,0.26,19.48,0.5,212,15,0.232,-0.048,01119971111171111
4601782,2021-09-03T07:00:00Z,43.8478,-56.9932,19.43,1011,0,,,,,,,,,,,01111179999999999
4601782,2021-09-03T08:00:00Z,43.8420,-56.9720,,,0,4,11.7,0.03,0.28,19.47,0.5,212,15,0.217,-0.111,01119971111171111
4601782,2021-09-03T08:00:00Z,43.8428,-56.9706,19.47,1010.8,0,,,,,,,,,,,01111179999999999
4601782,2021-09-03T09:00:00Z,43.8390,-56.9620,,,0,4,11.7,0.03,0.28,19.48,0.5,212,15,0.198,-0.144,01119971111171111
4601782,2021-09-03T09:00:00Z,43.8386,-56.9620,19.48,1010.7,0,,,,,,,,,,,01111179999999999
4601782,2021-09-03T10:00:00Z,43.8340,-56.9520,,,0,3.9,11.7,0.03,0.28,19.46,0.5,212,15,0.189,-0.17,01119971111171111
4601782,2021-09-03T10:00:00Z,43.8336,-56.9532,19.48,1010.3,0,,,,,,,,,,,01111179999999999
4601782,2021-09-03T11:00:00Z,43.8270,-56.9440,,,0,3.6,9.8,0.07,0.25,19.46,0.5,212,15,0.212,-0.17,01119971111171111
4601782,2021-09-03T11:00:00Z,43.8282,-56.9452,19.44,1010.4,0,,,,,,,,,,,01111179999999999
4601782,2021-09-03T12:00:00Z,43.8230,-56.9330,,,0,3.6,9.8,0.07,0.25,19.49,0.5,212,15,0.245,-0.154,01119971111171111
4601782,2021-09-03T12:00:00Z,43.8234,-56.9340,19.48,1010.1,0,,,,,,,,,,,01111179999999999
4601782,2021-09-03T13:00:00Z,43.8170,-56.9240,,,0,3.6,9.9,0.07,0.25,19.51,0.5,212,15,0.213,-0.184,01119971111171111
4601782,2021-09-03T13:00:00Z,43.8184,-56.9230,19.5,1010.8,0,,,,,,,,,,,01111179999999999
4601782,2021-09-03T14:00:00Z,43.8110,-56.9170,,,0,4.5,10.2,0.08,0.21,19.54,0.5,212,15,0.112,-0.201,01119971111171111
4601782,2021-09-03T14:00:00Z,43.8108,-56.9152,19.52,1010.9,0,,,,,,,,,,,01111179999999999
4601782,2021-09-03T15:00:00Z,43.8060,-56.9120,,,0,4.5,10.2,0.08,0.21,19.58,0.5,212,15,0.033,-0.138,01119971111171111
4601782,2021-09-03T15:00:00Z,43.8050,-56.9130,19.57,1010.4,0,,,,,,,,,,,01111179999999999
4601782,2021-09-03T16:00:00Z,43.8010,-56.9110,,,0,4.5,10.2,0.08,0.21,19.59,0.5,212,15,0.011,-0.077,01119971111171111
4601782,2021-09-03T16:00:00Z,43.8016,-56.9118,19.6,1010.7,0,,,,,,,,,,,01111179999999999
4601782,2021-09-03T17:00:00Z,43.7990,-56.9110,,,0,4.2,0.3,0.06,0.12,19.57,0.5,212,15,-0.011,-0.046,01119971111171111
4601782,2021-09-03T17:00:00Z,43.8002,-56.9124,19.57,1011.2,0,,,,,,,,,,,01111179999999999
4601782,2021-09-03T18:00:00Z,43.7980,-56.9120,,,0,4.2,0.3,0.06,0.12,19.59,0.5,212,15,-0.033,-0.062,01119971111171111
4601782,2021-09-03T18:00:00Z,43.7994,-56.9128,19.58,1010.7,0,,,,,,,,,,,01111179999999999
4601782,2021-09-03T19:00:00Z,43.7970,-56.9150,,,0,4.2,0.3,0.06,0.12,19.61,0.5,212,15,-0.056,-0.062,01119971111171111
4601782,2021-09-03T19:00:00Z,43.7964,-56.9146,19.61,1011,0,,,,,,,,,,,01111179999999999
4601782,2021-09-03T20:00:00Z,43.7960,-56.9170,,,0,3.9,-1.4,0.03,0.03,19.62,0.5,212,15,-0.033,0,01119971111171111
4601782,2021-09-03T20:00:00Z,43.7948,-56.9176,19.62,1010.7,0,,,,,,,,,,,01111179999999999
4601782,2021-09-03T21:00:00Z,43.7960,-56.9170,,,0,3.9,-1.4,0.03,0.03,19.59,0.5,212,15,0.034,0.031,01119971111171111
4601782,2021-09-03T21:00:00Z,43.7958,-56.9178,19.61,1010.7,0,,,,,,,,,,,01111179999999999
4601782,2021-09-03T22:00:00Z,43.7980,-56.9150,,,0,3.9,-1.4,0.03,0.03,19.56,0.5,212,15,0.078,0.062,01119971111171111
4601782,2021-09-03T22:00:00Z,43.7974,-56.9152,19.56,1010.7,0,,,,,,,,,,,01111179999999999
4601782,2021-09-03T23:00:00Z,43.7990,-56.9100,,,0,1.7,-1.1,0.02,0,19.55,0.5,212,15,0.112,0.077,01119971111171111
4601782,2021-09-03T23:00:00Z,43.8000,-56.9112,19.55,1010.4,0,,,,,,,,,,,01111179999999999
4601782,2021-09-04T00:00:00Z,43.8010,-56.9030,,,0,1.7,-1.1,0.02,0,19.52,0.5,212,15,0.156,0.046,01119971111171111
4601782,2021-09-04T00:00:00Z,43.8016,-56.9050,19.55,1010.1,0,,,,,,,,,,,01111179999999999
4601782,2021-09-04T01:00:00Z,43.8030,-56.8960,,,0,1.7,-1.1,0.02,0,19.49,0.5,212,15,0.211,0.016,01119971111171111
4601782,2021-09-04T01:00:00Z,43.8028,-56.8970,19.49,1010.9,0,,,,,,,,,,,01111179999999999
4601782,2021-09-04T02:00:00Z,43.8010,-56.8870,,,0,2.1,-0.9,0.02,0,19.52,0.5,212,15,0.223,-0.046,01119971111171111
4601782,2021-09-04T02:00:00Z,43.8028,-56.8858,19.49,1010.4,0,,,,,,,,,,,01111179999999999
4601782,2021-09-04T03:00:00Z,43.7990,-56.8770,,,0,2.2,-1,0.02,0,19.53,0.5,212,15,0.178,-0.124,01119971111171111
4601782,2021-09-04T03:00:00Z,43.7996,-56.8774,19.55,1009.8,0,,,,,,,,,,,01111179999999999
4601782,2021-09-04T04:00:00Z,43.7940,-56.8690,,,0,2.2,-1,0.02,0,19.51,0.5,212,15,0.145,-0.17,01119971111171111
4601782,2021-09-04T04:00:00Z,43.7948,-56.8704,19.5,1010,0,,,,,,,,,,,01111179999999999
4601782,2021-09-04T05:00:00Z,43.7900,-56.8650,,,0,3.7,2.4,0.01,0,19.52,0.5,212,15,0.111,-0.154,01119971111171111
4601782,2021-09-04T05:00:00Z,43.7894,-56.8642,19.52,1009.8,0,,,,,,,,,,,01111179999999999
4601782,2021-09-04T06:00:00Z,43.7850,-56.8600,,,0,3.7,2.5,0.01,0,19.51,0.5,212,15,0.089,-0.124,01119971111171111
4601782,2021-09-04T06:00:00Z,43.7850,-56.8596,19.52,1009.1,0,,,,,,,,,,,01111179999999999
4601782,2021-09-04T07:00:00Z,43.7800,-56.8560,,,0,3.7,2.5,0.01,0,19.47,0.5,212,15,0.056,-0.124,01119971111171111
4601782,2021-09-04T07:00:00Z,43.7810,-56.8556,19.5,1009.3,0,,,,,,,,,,,01111179999999999
4601782,2021-09-04T08:00:00Z,43.7770,-56.8550,,,0,5.3,-0.4,0.03,0.01,19.46,0.5,212,15,0.022,-0.124,01119971111171111
4601782,2021-09-04T08:00:00Z,43.7766,-56.8548,19.44,1008.9,0,,,,,,,,,,,01111179999999999
4601782,2021-09-04T09:00:00Z,43.7720,-56.8540,,,0,5.3,-0.4,0.03,0.01,19.49,0.5,212,15,0.022,-0.111,01119971111171111
4601782,2021-09-04T09:00:00Z,43.7728,-56.8542,19.49,1008.7,0,,,,,,,,,,,01111179999999999
4601782,2021-09-04T10:00:00Z,43.7710,-56.8520,,,0,5.2,-0.4,0.03,0.01,19.48,0.5,212,15,0.04,-0.06,01119971111171111
4601782,2021-09-04T10:00:00Z,43.7704,-56.8530,19.48,1009,0,,,,,,,,,,,01111179999999999
4601782,2021-09-04T11:00:00Z,43.7700,-56.8480,,,0,6.5,2.1,0.04,0.01,19.49,0.5,212,15,0.069,-0.042,01119971111171111
4601782,2021-09-04T12:00:00Z,43.7700,-56.8460,,,0,6.5,2.1,0.04,0.01,19.5,0.5,212,15,0.099,-0.023,01119971111171111
4601782,2021-09-04T12:00:00Z,43.7698,-56.8472,19.49,1009.5,0,,,,,,,,,,,01111179999999999
4601782,2021-09-04T13:00:00Z,43.7690,-56.8410,,,0,6.5,2.1,0.04,0.01,19.53,0.5,212,15,0.095,-0.052,01119971111171111
4601782,2021-09-04T13:00:00Z,43.7692,-56.8414,19.51,1010,0,,,,,,,,,,,01111179999999999
4601782,2021-09-04T14:00:00Z,43.7660,-56.8380,,,0,7.6,3.4,0.05,0.02,19.57,0.5,212,15,0.067,-0.077,01119971111171111
4601782,2021-09-04T14:00:00Z,43.7670,-56.8384,19.55,1009.8,0,,,,,,,,,,,01111179999999999
4601782,2021-09-04T15:00:00Z,43.7640,-56.8340,,,0,7.6,3.4,0.05,0.02,19.63,0.5,212,15,0.067,-0.062,01119971111171111
4601782,2021-09-04T15:00:00Z,43.7640,-56.8354,19.6,1009.5,0,,,,,,,,,,,01111179999999999
4601782,2021-09-04T16:00:00Z,43.7630,-56.8320,,,0,7.6,3.4,0.05,0.02,19.66,0.5,212,15,0.078,-0.031,01119971111171111
4601782,2021-09-04T16:00:00Z,43.7632,-56.8324,19.66,1009.3,0,,,,,,,,,,,01111179999999999
